countries;number_of_students
China;372532
India;193124
South Korea;49809
Saudi Arabia;30957
Canada;25992
Vietnam;23777
Taiwan;23724
Japan;17554
Brazil;16671
Mexico;14348
Nigeria;13762
Nepal;12730
Iran;11451
United Kingdom;10756
Turkey;9481
Germany;9242
Bangladesh;8838
France;8471
Kuwait;8375
Indonesia;8300
Spain;7954
Pakistan;7939
Colombia;7787
Malaysia;6910
Venezuela;6855
